{"cameraMode":{"drawMode":0,"name":"Shaded","section":"Shading Mode"},"sceneLighting":false,"audioPlay":false,"sceneViewState":{"m_AlwaysRefresh":false,"showFog":true,"showSkybox":false,"showFlares":true,"showImageEffects":true,"showParticleSystems":true,"showVisualEffectGraphs":true,"m_FxEnabled":true},"in2DMode":false,"pivot":{"x":13.366693496704102,"y":5.920040130615234,"z":-3.7726707458496095},"rotation":{"x":0.04343639686703682,"y":-0.047936201095581058,"z":0.002086612628772855,"w":0.9979044795036316},"size":8.47438907623291,"orthographic":true}